path,name,tempi
BarT_4_s3.mp3,BarT_4,s3.mp3
BarT_4_f3.mp3,BarT_4,f3.mp3
BlaH_1_f3.mp3,BlaH_1,f3.mp3
BlaH_1_s3.mp3,BlaH_1,s3.mp3
CobB_4_f3.mp3,CobB_4,f3.mp3
CobB_4_s3.mp3,CobB_4,s3.mp3
ColV_3_s3.mp3,ColV_3,s3.mp3
ColV_3_f3.mp3,ColV_3,f3.mp3
DavC_2_s3.mp3,DavC_2,s3.mp3
DavC_2_f3.mp3,DavC_2,f3.mp3
ErrG_3_f3.mp3,ErrG_3,f3.mp3
ErrG_3_s3.mp3,ErrG_3,s3.mp3
ErsP_1_f3.mp3,ErsP_1,f3.mp3
ErsP_1_s3.mp3,ErsP_1,s3.mp3
ErsP_2_f3.mp3,ErsP_2,f3.mp3
ErsP_2_s3.mp3,ErsP_2,s3.mp3
FreJ_1_s3.mp3,FreJ_1,s3.mp3
FreJ_1_f3.mp3,FreJ_1,f3.mp3
GadJ_1_f3.mp3,GadJ_1,f3.mp3
GadJ_1_s3.mp3,GadJ_1,s3.mp3
GadS_3_s3.mp3,GadS_3,s3.mp3
GadS_3_f3.mp3,GadS_3,f3.mp3
GadS_5_s3.mp3,GadS_5,s3.mp3
GadS_5_f3.mp3,GadS_5,f3.mp3
GroD_5_f3.mp3,GroD_5,f3.mp3
GroD_5_s3.mp3,GroD_5,s3.mp3
HakO_4_f3.mp3,HakO_4,f3.mp3
HakO_4_s3.mp3,HakO_4,s3.mp3
JacA_1_s3.mp3,JacA_1,s3.mp3
JacA_1_f3.mp3,JacA_1,f3.mp3
MarB_2_f3.mp3,MarB_2,f3.mp3
MarB_2_s3.mp3,MarB_2,s3.mp3
MayJ_4_s3.mp3,MayJ_4,s3.mp3
MayJ_4_f3.mp3,MayJ_4,f3.mp3
MitM_5_s3.mp3,MitM_5,s3.mp3
MitM_5_f3.mp3,MitM_5,f3.mp3
ModJ_2_s3.mp3,ModJ_2,s3.mp3
ModJ_2_f3.mp3,ModJ_2,f3.mp3
NelP_1_s3.mp3,NelP_1,s3.mp3
NelP_1_f3.mp3,NelP_1,f3.mp3
PaiI_1_s3.mp3,PaiI_1,s3.mp3
PaiI_1_f3.mp3,PaiI_1,f3.mp3
PeaN_2_f3.mp3,PeaN_2,f3.mp3
PeaN_2_s3.mp3,PeaN_2,s3.mp3
PurB_2_f3.mp3,PurB_2,f3.mp3
PurB_2_s3.mp3,PurB_2,s3.mp3
RobJ_2_f3.mp3,RobJ_2,f3.mp3
RobJ_2_s3.mp3,RobJ_2,s3.mp3
RobJ_4_f3.mp3,RobJ_4,f3.mp3
RobJ_4_s3.mp3,RobJ_4,s3.mp3
StaJ_2_f3.mp3,StaJ_2,f3.mp3
StaJ_2_s3.mp3,StaJ_2,s3.mp3
StuC_3_s3.mp3,StuC_3,s3.mp3
StuC_3_f3.mp3,StuC_3,f3.mp3
WarB_2_f3.mp3,WarB_2,f3.mp3
WarB_2_s3.mp3,WarB_2,s3.mp3
WarB_3_s3.mp3,WarB_3,s3.mp3
WarB_3_f3.mp3,WarB_3,f3.mp3
YouE_5_f3.mp3,YouE_5,f3.mp3
YouE_5_s3.mp3,YouE_5,s3.mp3
