"","V1","V2","V3","V4"
"1",NA,"path","name","tempi"
"2",0,"WarB_3_s3.mp3","WarB_3","s3.mp3"
"3",1,"PurB_2_f3.mp3","PurB_2","f3.mp3"
"4",2,"PaiI_1_s3.mp3","PaiI_1","s3.mp3"
"5",3,"GadJ_1_s3.mp3","GadJ_1","s3.mp3"
"6",4,"CobB_4_f3.mp3","CobB_4","f3.mp3"
"7",5,"PaiI_1_f3.mp3","PaiI_1","f3.mp3"
"8",6,"GadJ_1_f3.mp3","GadJ_1","f3.mp3"
"9",7,"CobB_4_s3.mp3","CobB_4","s3.mp3"
"10",8,"WarB_3_f3.mp3","WarB_3","f3.mp3"
"11",9,"PurB_2_s3.mp3","PurB_2","s3.mp3"
"12",10,"RobJ_2_f3.mp3","RobJ_2","f3.mp3"
"13",11,"ErsP_2_f3.mp3","ErsP_2","f3.mp3"
"14",12,"DavC_2_s3.mp3","DavC_2","s3.mp3"
"15",13,"DavC_2_f3.mp3","DavC_2","f3.mp3"
"16",14,"RobJ_2_s3.mp3","RobJ_2","s3.mp3"
"17",15,"ErsP_2_s3.mp3","ErsP_2","s3.mp3"
"18",16,"StuC_3_s3.mp3","StuC_3","s3.mp3"
"19",17,"StuC_3_f3.mp3","StuC_3","f3.mp3"
"20",18,"GadS_5_s3.mp3","GadS_5","s3.mp3"
"21",19,"ModJ_2_f3.mp3","ModJ_2","f3.mp3"
"22",20,"BarT_4_f3.mp3","BarT_4","f3.mp3"
"23",21,"ColV_3_f3.mp3","ColV_3","f3.mp3"
"24",22,"BarT_4_s3.mp3","BarT_4","s3.mp3"
"25",23,"ColV_3_s3.mp3","ColV_3","s3.mp3"
"26",24,"GadS_5_f3.mp3","GadS_5","f3.mp3"
"27",25,"ModJ_2_s3.mp3","ModJ_2","s3.mp3"
"28",26,"YouE_5_f3.mp3","YouE_5","f3.mp3"
"29",27,"RobJ_4_s3.mp3","RobJ_4","s3.mp3"
"30",28,"RobJ_4_f3.mp3","RobJ_4","f3.mp3"
"31",29,"YouE_5_s3.mp3","YouE_5","s3.mp3"
"32",30,"StaJ_2_s3.mp3","StaJ_2","s3.mp3"
"33",31,"ErrG_3_f3.mp3","ErrG_3","f3.mp3"
"34",32,"StaJ_2_f3.mp3","StaJ_2","f3.mp3"
"35",33,"ErrG_3_s3.mp3","ErrG_3","s3.mp3"
"36",34,"MayJ_4_s3.mp3","MayJ_4","s3.mp3"
"37",35,"GadS_3_f3.mp3","GadS_3","f3.mp3"
"38",36,"GadS_3_s3.mp3","GadS_3","s3.mp3"
"39",37,"MayJ_4_f3.mp3","MayJ_4","f3.mp3"
"40",38,"BlaH_1_s3.mp3","BlaH_1","s3.mp3"
"41",39,"BlaH_1_f3.mp3","BlaH_1","f3.mp3"
"42",40,"GroD_5_f3.mp3","GroD_5","f3.mp3"
"43",41,"GroD_5_s3.mp3","GroD_5","s3.mp3"
"44",42,"NelP_1_f3.mp3","NelP_1","f3.mp3"
"45",43,"WarB_2_f3.mp3","WarB_2","f3.mp3"
"46",44,"NelP_1_s3.mp3","NelP_1","s3.mp3"
"47",45,"WarB_2_s3.mp3","WarB_2","s3.mp3"
"48",46,"PeaN_2_f3.mp3","PeaN_2","f3.mp3"
"49",47,"MitM_5_f3.mp3","MitM_5","f3.mp3"
"50",48,"MarB_2_s3.mp3","MarB_2","s3.mp3"
"51",49,"MitM_5_s3.mp3","MitM_5","s3.mp3"
"52",50,"MarB_2_f3.mp3","MarB_2","f3.mp3"
"53",51,"PeaN_2_s3.mp3","PeaN_2","s3.mp3"
"54",52,"ErsP_1_s3.mp3","ErsP_1","s3.mp3"
"55",53,"ErsP_1_f3.mp3","ErsP_1","f3.mp3"
"56",54,"JacA_1_s3.mp3","JacA_1","s3.mp3"
"57",55,"FreJ_1_s3.mp3","FreJ_1","s3.mp3"
"58",56,"HakO_4_s3.mp3","HakO_4","s3.mp3"
"59",57,"JacA_1_f3.mp3","JacA_1","f3.mp3"
"60",58,"FreJ_1_f3.mp3","FreJ_1","f3.mp3"
"61",59,"HakO_4_f3.mp3","HakO_4","f3.mp3"
